phase_qubits,relative_solution_error,residual_norm,solution_state_fidelity,postselection_probability,phase_scale,logical_phase_bins,maximum_relative_eigenvalue_quantization_error,logical_qubits
2,0.20395412646700994,0.5317936336776512,0.9651439276166678,0.11228285837214713,16.0,1;1;3;3,0.2,5
3,0.041127590283212945,0.0686187379283504,0.9999188392941417,0.1071875327552573,16.0,2;2;7;7,0.2,6
4,1.6271995410450274e-14,2.0378037009901354e-14,1.0,0.1548188985688609,16.0,5;5;15;15,0.0,7
5,2.2824196446875714e-14,2.6292837882392537e-14,1.0000000000000004,0.1548188985688588,16.0,10;10;30;30,0.0,8
