sample,explicit_circuit_iterations,explicit_circuit_converged,batched_V3_pu,explicit_V3_pu,abs_error_V3,batched_V4_pu,explicit_V4_pu,abs_error_V4,batched_theta3_rad,explicit_theta3_rad,batched_theta4_rad,explicit_theta4_rad
0,5,True,0.9948141480062898,0.9948141480062896,1.1102230246251565e-16,1.0182327073258082,1.0182327073258082,0.0,-0.11453577777121354,-0.11453577777121354,-0.03916658939112759,-0.03916658939112758
1,5,True,0.9954088315137735,0.9954088315137735,0.0,1.0185712922353958,1.0185712922353958,0.0,-0.11190810508663372,-0.11190810508663372,-0.038198074657316436,-0.03819807465731643
2,5,True,0.9944118388362124,0.9944118388362124,0.0,1.0180014274273204,1.0180014274273204,0.0,-0.11630038299424057,-0.11630038299424053,-0.039834769144666764,-0.039834769144666785
2500,5,True,0.9948342644555839,0.9948342644555839,0.0,1.0182445179180326,1.0182445179180326,0.0,-0.11444628734798665,-0.11444628734798666,-0.03912965940714483,-0.039129659407144815
4999,5,True,0.9948227614534529,0.9948227614534529,0.0,1.0182169470042717,1.018216947004272,2.220446049250313e-16,-0.11456725205126041,-0.11456725205126043,-0.03942019609052247,-0.039420196090522476
