{
  "admittance": {
    "imag": -4.951127839142938,
    "real": 0.4971594488989317
  },
  "impedance": {
    "imag": 0.1999580369436047,
    "real": 0.020078461045555072
  },
  "predicted_s3": {
    "imag": -0.00996971380576949,
    "real": -0.9501095763050748
  },
  "predicted_s4": {
    "imag": 0.19981478466163458,
    "real": 0.199665446423786
  },
  "residual_norm": 0.0003989423982459356
}
