{
  "environment": {
    "matplotlib": "3.10.8",
    "numpy": "2.3.5",
    "pandas": "2.2.3",
    "platform": "Linux-4.4.0-x86_64-with-glibc2.41",
    "python": "3.13.5",
    "qiskit": "2.5.0",
    "qiskit-aer": "0.17.2",
    "scipy": "1.17.0"
  },
  "generated_at_utc": "2026-07-19T07:24:18.682883+00:00",
  "line_inference": {
    "admittance": {
      "imag": -4.951127839142938,
      "real": 0.4971594488989317
    },
    "impedance": {
      "imag": 0.1999580369436047,
      "real": 0.020078461045555072
    },
    "predicted_s3": {
      "imag": -0.009969713805769507,
      "real": -0.9501095763050748
    },
    "predicted_s4": {
      "imag": 0.19981478466163458,
      "real": 0.199665446423786
    },
    "residual_norm": 0.0003989423982459343
  },
  "phase_precision_ablation": [
    {
      "logical_phase_bins": "1;1;3;3",
      "logical_qubits": 5,
      "maximum_relative_eigenvalue_quantization_error": 0.2,
      "phase_qubits": 2,
      "phase_scale": 16.0,
      "postselection_probability": 0.11228285837214713,
      "relative_solution_error": 0.20395412646700994,
      "residual_norm": 0.5317936336776512,
      "solution_state_fidelity": 0.9651439276166678
    },
    {
      "logical_phase_bins": "2;2;7;7",
      "logical_qubits": 6,
      "maximum_relative_eigenvalue_quantization_error": 0.2,
      "phase_qubits": 3,
      "phase_scale": 16.0,
      "postselection_probability": 0.1071875327552573,
      "relative_solution_error": 0.041127590283212945,
      "residual_norm": 0.0686187379283504,
      "solution_state_fidelity": 0.9999188392941417
    },
    {
      "logical_phase_bins": "5;5;15;15",
      "logical_qubits": 7,
      "maximum_relative_eigenvalue_quantization_error": 0.0,
      "phase_qubits": 4,
      "phase_scale": 16.0,
      "postselection_probability": 0.1548188985688609,
      "relative_solution_error": 1.6271995410450274e-14,
      "residual_norm": 2.0378037009901354e-14,
      "solution_state_fidelity": 1.0
    },
    {
      "logical_phase_bins": "10;10;30;30",
      "logical_qubits": 8,
      "maximum_relative_eigenvalue_quantization_error": 0.0,
      "phase_qubits": 5,
      "phase_scale": 16.0,
      "postselection_probability": 0.1548188985688588,
      "relative_solution_error": 2.2824196446875714e-14,
      "residual_norm": 2.6292837882392537e-14,
      "solution_state_fidelity": 1.0000000000000004
    }
  ],
  "quantum_circuit": {
    "ancilla_qubits": 1,
    "calibration": {
      "condition_number": 2.999999999999999,
      "eigenvalues": [
        4.950495049504951,
        4.950495049504951,
        14.85148514851485,
        14.85148514851485
      ],
      "logical_phase_bins": [
        5,
        5,
        15,
        15
      ],
      "maximum_relative_eigenvalue_error": 3.588240815588505e-16,
      "phase_scale": 15.841584158415838,
      "reconstructed_eigenvalues": [
        4.95049504950495,
        4.95049504950495,
        14.851485148514849,
        14.851485148514849
      ]
    },
    "logical_qubits": 7,
    "phase_qubits": 4,
    "raw_depth": 29,
    "raw_operation_counts": {
      "c-unitary": 8,
      "c4ry": 1,
      "c4ry_o1": 1,
      "c4ry_o10": 1,
      "c4ry_o11": 1,
      "c4ry_o12": 1,
      "c4ry_o13": 1,
      "c4ry_o14": 1,
      "c4ry_o2": 1,
      "c4ry_o3": 1,
      "c4ry_o4": 1,
      "c4ry_o5": 1,
      "c4ry_o6": 1,
      "c4ry_o7": 1,
      "c4ry_o8": 1,
      "c4ry_o9": 1,
      "h": 8,
      "permutation": 2,
      "qft": 1,
      "qft_dg": 1,
      "state_preparation": 1
    },
    "reciprocal_constant": 2.475247524752475,
    "system_qubits": 2,
    "transpiled_depth": 817,
    "transpiled_operation_counts": {
      "cp": 12,
      "cx": 437,
      "h": 136,
      "ry": 60,
      "swap": 8,
      "t": 240,
      "tdg": 180,
      "u": 120,
      "unitary": 3,
      "x": 56
    }
  },
  "quantum_factory_cache": {
    "hits": 14,
    "misses": 1
  },
  "stochastic": {
    "V3_mean": 0.9948615781741436,
    "V3_std": 0.000274587349230861,
    "V4_mean": 1.0182479663290338,
    "V4_std": 0.0001573482010019524,
    "active_power_relative_standard_deviation": 0.01,
    "convergence_rate": 1.0,
    "correlation_convention": "paper_Fig4_positive_bus3_load_magnitude_vs_bus4_injection",
    "empirical_injection_correlation": 0.7378892435906237,
    "empirical_signed_injection_correlation": -0.7378892435906237,
    "empirical_voltage_correlation": 0.9969482431183677,
    "maximum_explicit_circuit_validation_voltage_error": 2.220446049250313e-16,
    "maximum_iterations_observed": 5,
    "n_samples": 5000,
    "random_seed": 210404888,
    "requested_injection_correlation": 0.75,
    "tolerance": 1e-05,
    "variance_status": "reconstructed_assumption_not_reported_in_paper"
  },
  "test_i": {
    "classical": {
      "buses": [
        {
          "bus": 1,
          "calculated_p_pu": -0.5499999029148555,
          "calculated_q_pu": -0.19999972142571254,
          "specified_p_pu": -0.55,
          "specified_q_pu": -0.2,
          "voltage_angle_rad": -0.11250016892289376,
          "voltage_magnitude_pu": 0.9430202551678268
        },
        {
          "bus": 2,
          "calculated_p_pu": -0.5499998999089692,
          "calculated_q_pu": -0.1799997363461961,
          "specified_p_pu": -0.55,
          "specified_q_pu": -0.18,
          "voltage_angle_rad": -0.11258779329075638,
          "voltage_magnitude_pu": 0.9444561214462759
        },
        {
          "bus": 3,
          "calculated_p_pu": -0.9499998566318781,
          "calculated_q_pu": -0.01000024447427669,
          "specified_p_pu": -0.95,
          "specified_q_pu": -0.01,
          "voltage_angle_rad": -0.1143752502637025,
          "voltage_magnitude_pu": 0.9948595209849103
        },
        {
          "bus": 4,
          "calculated_p_pu": 0.19999984004331928,
          "calculated_q_pu": 0.20000009077197417,
          "specified_p_pu": 0.2,
          "specified_q_pu": 0.2,
          "voltage_angle_rad": -0.039247755035626664,
          "voltage_magnitude_pu": 1.0182465972512944
        },
        {
          "bus": 5,
          "calculated_p_pu": 1.875690946770295,
          "calculated_q_pu": 0.4469108850533259,
          "specified_p_pu": 0.0,
          "specified_q_pu": 0.0,
          "voltage_angle_rad": 0.0,
          "voltage_magnitude_pu": 1.002
        }
      ],
      "converged": true,
      "iterations": 6,
      "max_mismatch": 2.785742874711339e-07,
      "metadata": {
        "B_double_prime": [
          [9.900990099009901,-4.9504950495049505,-0.0,-0.0],
          [-4.9504950495049505,9.900990099009901,-0.0,-0.0],
          [-0.0,-0.0,9.900990099009901,-4.9504950495049505],
          [-0.0,-0.0,-4.9504950495049505,9.900990099009901]
        ],
        "B_prime": [
          [9.900990099009901,-4.9504950495049505,-0.0,-0.0],
          [-4.9504950495049505,9.900990099009901,-0.0,-0.0],
          [-0.0,-0.0,9.900990099009901,-4.9504950495049505],
          [-0.0,-0.0,-4.9504950495049505,9.900990099009901]
        ],
        "b_matrix_mode": "full_imaginary_ybus",
        "fixed_iterations": 6,
        "formulation": "paper_equations",
        "linear_system_factory": "numpy_direct",
        "tolerance": 1e-05
      },
      "solver_name": "fast_decoupled[numpy_direct]"
    },
    "iteration2_theta4_abs_error": 0.005926875611958329,
    "maximum_abs_error_vs_paper_excluding_iteration2_theta4": 6.115891663993622e-05,
    "maximum_hhl_relative_linear_error": 2.0689589932582224e-14,
    "maximum_quantum_classical_state_difference": 1.5126788710517758e-15,
    "minimum_hhl_solution_state_fidelity": 0.9999999999999998,
    "newton": {
      "buses": [
        {"bus":1,"calculated_p_pu":-0.5499999438454335,"calculated_q_pu":-0.19999992663842553,"specified_p_pu":-0.55,"specified_q_pu":-0.2,"voltage_angle_rad":-0.11250017948215343,"voltage_magnitude_pu":0.943020207705751},
        {"bus":2,"calculated_p_pu":-0.5499999478192706,"calculated_q_pu":-0.1799999302541883,"specified_p_pu":-0.55,